{"cameraMode":{"drawMode":0,"name":"Shaded","section":"Shading Mode"},"sceneLighting":true,"audioPlay":false,"sceneViewState":{"showFog":true,"showMaterialUpdate":false,"showSkybox":true,"showFlares":true,"showImageEffects":true,"showParticleSystems":true},"in2DMode":false,"pivot":{"x":-14.010007858276368,"y":8.773155212402344,"z":-6.165245532989502},"rotation":{"x":0.09257540851831436,"y":0.8721503019332886,"z":-0.44479015469551089,"w":0.18152011930942536},"size":6.181281566619873,"orthographic":false}