{"cameraMode":{"drawMode":0,"name":"Shaded","section":"Shading Mode"},"sceneLighting":true,"audioPlay":false,"sceneViewState":{"showFog":true,"showMaterialUpdate":false,"showSkybox":true,"showFlares":true,"showImageEffects":true,"showParticleSystems":true},"in2DMode":false,"pivot":{"x":0.09999998658895493,"y":4.167999744415283,"z":-7.0879998207092289},"rotation":{"x":-0.1065235510468483,"y":0.5852493047714233,"z":-0.07888564467430115,"w":-0.8002351522445679},"size":13.070655822753907,"orthographic":false}