{"cameraMode":{"drawMode":0,"name":"Shaded","section":"Shading Mode"},"sceneLighting":true,"audioPlay":false,"sceneViewState":{"showFog":true,"showMaterialUpdate":false,"showSkybox":true,"showFlares":true,"showImageEffects":true,"showParticleSystems":true},"in2DMode":false,"pivot":{"x":-28.600826263427736,"y":8.828591346740723,"z":32.687583923339847},"rotation":{"x":0.17380130290985108,"y":-0.3475289046764374,"z":0.06574268639087677,"w":0.919116199016571},"size":25.333866119384767,"orthographic":false}