{"cameraMode":{"drawMode":0,"name":"Shaded","section":"Shading Mode"},"sceneLighting":true,"audioPlay":false,"sceneViewState":{"showFog":true,"showMaterialUpdate":false,"showSkybox":false,"showFlares":true,"showImageEffects":true,"showParticleSystems":true},"in2DMode":false,"pivot":{"x":15.387012481689454,"y":6.1204142570495609,"z":29.759300231933595},"rotation":{"x":0.10269902646541596,"y":0.32580849528312685,"z":-0.03558231517672539,"w":0.9392198920249939},"size":7.683296203613281,"orthographic":false}