{"cameraMode":{"drawMode":0,"name":"Shaded","section":"Shading Mode"},"sceneLighting":true,"audioPlay":false,"sceneViewState":{"showFog":true,"showMaterialUpdate":false,"showSkybox":true,"showFlares":true,"showImageEffects":true,"showParticleSystems":true},"in2DMode":false,"pivot":{"x":-0.9050306081771851,"y":2.5324790477752687,"z":6.85525369644165},"rotation":{"x":-0.20292966067790986,"y":0.4423706531524658,"z":-0.10348986089229584,"w":-0.8674314618110657},"size":15.596256256103516,"orthographic":false}