{"cameraMode":{"drawMode":0,"name":"Shaded","section":"Shading Mode"},"sceneLighting":true,"audioPlay":false,"sceneViewState":{"showFog":true,"showMaterialUpdate":false,"showSkybox":true,"showFlares":true,"showImageEffects":true,"showParticleSystems":true},"in2DMode":false,"pivot":{"x":-1.1301422119140626,"y":0.9800000190734863,"z":0.8165609836578369},"rotation":{"x":-0.3245132267475128,"y":0.35779497027397158,"z":-0.1341909021139145,"w":-0.8652659058570862},"size":15.596256256103516,"orthographic":false}