{"cameraMode":{"drawMode":0,"name":"Shaded","section":"Shading Mode"},"sceneLighting":false,"audioPlay":false,"sceneViewState":{"showFog":true,"showMaterialUpdate":false,"showSkybox":false,"showFlares":true,"showImageEffects":true,"showParticleSystems":true},"in2DMode":false,"pivot":{"x":0.0,"y":1.6299999952316285,"z":1.1360000371932984},"rotation":{"x":-0.004438400734215975,"y":0.9795644879341126,"z":-0.1999034583568573,"w":-0.021748973056674005},"size":16.689485549926759,"orthographic":false}