{"cameraMode":{"drawMode":0,"name":"Shaded","section":"Shading Mode"},"sceneLighting":true,"audioPlay":false,"sceneViewState":{"showFog":true,"showMaterialUpdate":true,"showSkybox":true,"showFlares":true,"showImageEffects":true,"showParticleSystems":true},"in2DMode":false,"pivot":{"x":-5.172908782958984,"y":6.645717620849609,"z":2.4021146297454836},"rotation":{"x":0.33358439803123476,"y":-0.5650626420974731,"z":0.2672882676124573,"w":0.7059289216995239},"size":49.414920806884769,"orthographic":false}